[
    {
        "name": "Sarah",
        "age": 13,
        "event": "50 Free",
        "initial_time": 45.0,
        "latest_time": 39.8
    },
    {
        "name": "Brooke",
        "age": 14,
        "event": "50 Free",
        "initial_time": 48.5,
        "latest_time": 44.2
    },
    {
        "name": "Juliet",
        "age": 15,
        "event": "100 Free",
        "initial_time": 110.0,
        "latest_time": 101.4
    },
    {
        "name": "Noel",
        "age": 16,
        "event": "100 Free",
        "initial_time": 112.3,
        "latest_time": 105.6
    },
    {
        "name": "Meera",
        "age": 13,
        "event": "50 Free",
        "initial_time": 50.1,
        "latest_time": 46.9
    }
]
